Model,Accuracy,F1 Score
Logistic Regression,0.9878619153674832,0.9873241074543552
Naive Bayes,0.9325167037861916,0.9290065604498594
